DATE,ICNSA
1967-01-07,346000
1967-01-14,334000
1967-01-21,277000
1967-01-28,252000
1967-02-04,274000
1967-02-11,276000
1967-02-18,247000
1967-02-25,248000
1967-03-04,326000
1967-03-11,240000
1967-03-18,225000
1967-03-25,215000
1967-04-01,223000
1967-04-08,251000
1967-04-15,289000
1967-04-22,218000
1967-04-29,216000
1967-05-06,221000
1967-05-13,188000
1967-05-20,177000
1967-05-27,170000
1967-06-03,175000
1967-06-10,188000
1967-06-17,176000
1967-06-24,178000
1967-07-01,206000
1967-07-08,322000
1967-07-15,309000
1967-07-22,282000
1967-07-29,243000
1967-08-05,250000
1967-08-12,193000
1967-08-19,174000
1967-08-26,160000
1967-09-02,163000
1967-09-09,156000
1967-09-16,165000
1967-09-23,155000
1967-09-30,154000
1967-10-07,195000
1967-10-14,159000
1967-10-21,181000
1967-10-28,174000
1967-11-04,204000
1967-11-11,201000
1967-11-18,209000
1967-11-25,200000
1967-12-02,228000
1967-12-09,258000
1967-12-16,241000
1967-12-23,289000
1967-12-30,332000
1968-01-06,357000
1968-01-13,373000
1968-01-20,293000
1968-01-27,242000
1968-02-03,308000
1968-02-10,257000
1968-02-17,214000
1968-02-24,199000
1968-03-02,198000
1968-03-09,208000
1968-03-16,179000
1968-03-23,175000
1968-03-30,165000
1968-04-06,184000
1968-04-13,167000
1968-04-20,165000
1968-04-27,216000
1968-05-04,180000
1968-05-11,164000
1968-05-18,156000
1968-05-25,148000
1968-06-01,139000
1968-06-08,149000
1968-06-15,154000
1968-06-22,152000
1968-06-29,173000
1968-07-06,266000
1968-07-13,242000
1968-07-20,216000
1968-07-27,238000
1968-08-03,235000
1968-08-10,222000
1968-08-17,160000
1968-08-24,148000
1968-08-31,139000
1968-09-07,135000
1968-09-14,141000
1968-09-21,142000
1968-09-28,143000
1968-10-05,153000
1968-10-12,151000
1968-10-19,151000
1968-10-26,152000
1968-11-02,161000
1968-11-09,174000
1968-11-16,196000
1968-11-23,211000
1968-11-30,180000
1968-12-07,223000
1968-12-14,233000
1968-12-21,243000
1968-12-28,333000
1969-01-04,290000
1969-01-11,337000
1969-01-18,265000
1969-01-25,236000
1969-02-01,250000
1969-02-08,248000
1969-02-15,219000
1969-02-22,199000
1969-03-01,206000
1969-03-08,195000
1969-03-15,179000
1969-03-22,158000
1969-03-29,157000
1969-04-05,170000
1969-04-12,187000
1969-04-19,168000
1969-04-26,151000
1969-05-03,150000
1969-05-10,157000
1969-05-17,141000
1969-05-24,138000
1969-05-31,135000
1969-06-07,148000
1969-06-14,145000
1969-06-21,155000
1969-06-28,177000
1969-07-05,267000
1969-07-12,271000
1969-07-19,246000
1969-07-26,221000
1969-08-02,223000
1969-08-09,210000
1969-08-16,168000
1969-08-23,154000
1969-08-30,144000
1969-09-06,133000
1969-09-13,149000
1969-09-20,147000
1969-09-27,147000
1969-10-04,159000
1969-10-11,168000
1969-10-18,155000
1969-10-25,171000
1969-11-01,174000
1969-11-08,206000
1969-11-15,196000
1969-11-22,230000
1969-11-29,219000
1969-12-06,247000
1969-12-13,264000
1969-12-20,289000
1969-12-27,320000
1970-01-03,344000
1970-01-10,429000
1970-01-17,386000
1970-01-24,316000
1970-01-31,293000
1970-02-07,324000
1970-02-14,308000
1970-02-21,285000
1970-02-28,241000
1970-03-07,270000
1970-03-14,258000
1970-03-21,233000
1970-03-28,236000
1970-04-04,250000
1970-04-11,300000
1970-04-18,339000
1970-04-25,299000
1970-05-02,278000
1970-05-09,279000
1970-05-16,242000
1970-05-23,231000
1970-05-30,224000
1970-06-06,234000
1970-06-13,242000
1970-06-20,245000
1970-06-27,247000
1970-07-04,309000
1970-07-11,369000
1970-07-18,353000
1970-07-25,329000
1970-08-01,293000
1970-08-08,278000
1970-08-15,257000
1970-08-22,238000
1970-08-29,220000
1970-09-05,240000
1970-09-12,207000
1970-09-19,247000
1970-09-26,256000
1970-10-03,284000
1970-10-10,287000
1970-10-17,259000
1970-10-24,280000
1970-10-31,283000
1970-11-07,333000
1970-11-14,307000
1970-11-21,333000
1970-11-28,354000
1970-12-05,378000
1970-12-12,370000
1970-12-19,354000
1970-12-26,451000
1971-01-02,443000
1971-01-09,500000
1971-01-16,452000
1971-01-23,399000
1971-01-30,353000
1971-02-06,375000
1971-02-13,333000
1971-02-20,286000
1971-02-27,289000
1971-03-06,306000
1971-03-13,275000
1971-03-20,260000
1971-03-27,261000
1971-04-03,267000
1971-04-10,278000
1971-04-17,257000
1971-04-24,248000
1971-05-01,237000
1971-05-08,260000
1971-05-15,230000
1971-05-22,231000
1971-05-29,231000
1971-06-05,232000
1971-06-12,244000
1971-06-19,249000
1971-06-26,247000
1971-07-03,288000
1971-07-10,335000
1971-07-17,367000
1971-07-24,342000
1971-07-31,340000
1971-08-07,362000
1971-08-14,282000
1971-08-21,252000
1971-08-28,228000
1971-09-04,268000
1971-09-11,219000
1971-09-18,230000
1971-09-25,236000
1971-10-02,238000
1971-10-09,280000
1971-10-16,233000
1971-10-23,251000
1971-10-30,241000
1971-11-06,297000
1971-11-13,289000
1971-11-20,291000
1971-11-27,284000
1971-12-04,372000
1971-12-11,348000
1971-12-18,329000
1971-12-25,340000
1972-01-01,405000
1972-01-08,479000
1972-01-15,395000
1972-01-22,347000
1972-01-29,326000
1972-02-05,342000
1972-02-12,318000
1972-02-19,279000
1972-02-26,252000
1972-03-04,263000
1972-03-11,257000
1972-03-18,241000
1972-03-25,231000
1972-04-01,224000
1972-04-08,271000
1972-04-15,237000
1972-04-22,223000
1972-04-29,214000
1972-05-06,234000
1972-05-13,218000
1972-05-20,210000
1972-05-27,209000
1972-06-03,198000
1972-06-10,224000
1972-06-17,227000
1972-06-24,240000
1972-07-01,327000
1972-07-08,364000
1972-07-15,367000
1972-07-22,299000
1972-07-29,266000
1972-08-05,256000
1972-08-12,220000
1972-08-19,203000
1972-08-26,195000
1972-09-02,192000
1972-09-09,178000
1972-09-16,196000
1972-09-23,193000
1972-09-30,192000
1972-10-07,233000
1972-10-14,202000
1972-10-21,214000
1972-10-28,196000
1972-11-04,242000
1972-11-11,236000
1972-11-18,280000
1972-11-25,238000
1972-12-02,268000
1972-12-09,317000
1972-12-16,323000
1972-12-23,327000
1972-12-30,338000
1973-01-06,345000
1973-01-13,412000
1973-01-20,324000
1973-01-27,267000
1973-02-03,285000
1973-02-10,276000
1973-02-17,242000
1973-02-24,220000
1973-03-03,233000
1973-03-10,227000
1973-03-17,212000
1973-03-24,209000
1973-03-31,193000
1973-04-07,244000
1973-04-14,212000
1973-04-21,211000
1973-04-28,194000
1973-05-05,214000
1973-05-12,198000
1973-05-19,189000
1973-05-26,190000
1973-06-02,173000
1973-06-09,210000
1973-06-16,198000
1973-06-23,206000
1973-06-30,215000
1973-07-07,309000
1973-07-14,270000
1973-07-21,259000
1973-07-28,265000
1973-08-04,262000
1973-08-11,238000
1973-08-18,207000
1973-08-25,190000
1973-09-01,180000
1973-09-08,177000
1973-09-15,186000
1973-09-22,187000
1973-09-29,191000
1973-10-06,210000
1973-10-13,207000
1973-10-20,208000
1973-10-27,200000
1973-11-03,230000
1973-11-10,277000
1973-11-17,261000
1973-11-24,237000
1973-12-01,299000
1973-12-08,345000
1973-12-15,340000
1973-12-22,429000
1973-12-29,461000
1974-01-05,405000
1974-01-12,584000
1974-01-19,465000
1974-01-26,373000
1974-02-02,381000
1974-02-09,459000
1974-02-16,352000
1974-02-23,296000
1974-03-02,313000
1974-03-09,310000
1974-03-16,293000
1974-03-23,285000
1974-03-30,279000
1974-04-06,288000
1974-04-13,278000
1974-04-20,256000
1974-04-27,235000
1974-05-04,243000
1974-05-11,249000
1974-05-18,238000
1974-05-25,246000
1974-06-01,209000
1974-06-08,267000
1974-06-15,255000
1974-06-22,266000
1974-06-29,285000
1974-07-06,350000
1974-07-13,351000
1974-07-20,325000
1974-07-27,333000
1974-08-03,340000
1974-08-10,318000
1974-08-17,269000
1974-08-24,260000
1974-08-31,259000
1974-09-07,253000
1974-09-14,271000
1974-09-21,283000
1974-09-28,279000
1974-10-05,325000
1974-10-12,358000
1974-10-19,324000
1974-10-26,357000
1974-11-02,375000
1974-11-09,435000
1974-11-16,450000
1974-11-23,532000
1974-11-30,524000
1974-12-07,693000
1974-12-14,637000
1974-12-21,677000
1974-12-28,813000
1975-01-04,681000
1975-01-11,969000
1975-01-18,850000
1975-01-25,729000
1975-02-01,699000
1975-02-08,691000
1975-02-15,608000
1975-02-22,567000
1975-03-01,568000
1975-03-08,569000
1975-03-15,494000
1975-03-22,499000
1975-03-29,477000
1975-04-05,505000
1975-04-12,496000
1975-04-19,456000
1975-04-26,429000
1975-05-03,420000
1975-05-10,432000
1975-05-17,410000
1975-05-24,391000
1975-05-31,360000
1975-06-07,443000
1975-06-14,422000
1975-06-21,428000
1975-06-28,407000
1975-07-05,460000
1975-07-12,517000
1975-07-19,481000
1975-07-26,471000
1975-08-02,462000
1975-08-09,429000
1975-08-16,367000
1975-08-23,353000
1975-08-30,332000
1975-09-06,331000
1975-09-13,341000
1975-09-20,336000
1975-09-27,342000
1975-10-04,365000
1975-10-11,385000
1975-10-18,332000
1975-10-25,372000
1975-11-01,378000
1975-11-08,414000
1975-11-15,371000
1975-11-22,419000
1975-11-29,403000
1975-12-06,487000
1975-12-13,456000
1975-12-20,463000
1975-12-27,573000
1976-01-03,540000
1976-01-10,708000
1976-01-17,563000
1976-01-24,486000
1976-01-31,450000
1976-02-07,452000
1976-02-14,391000
1976-02-21,367000
1976-02-28,353000
1976-03-06,366000
1976-03-13,343000
1976-03-20,330000
1976-03-27,314000
1976-04-03,334000
1976-04-10,366000
1976-04-17,316000
1976-04-24,311000
1976-05-01,313000
1976-05-08,345000
1976-05-15,308000
1976-05-22,311000
1976-05-29,310000
1976-06-05,307000
1976-06-12,351000
1976-06-19,342000
1976-06-26,339000
1976-07-03,401000
1976-07-10,445000
1976-07-17,455000
1976-07-24,418000
1976-07-31,401000
1976-08-07,373000
1976-08-14,329000
1976-08-21,320000
1976-08-28,301000
1976-09-04,321000
1976-09-11,280000
1976-09-18,320000
1976-09-25,327000
1976-10-02,332000
1976-10-09,388000
1976-10-16,325000
1976-10-23,361000
1976-10-30,370000
1976-11-06,387000
1976-11-13,363000
1976-11-20,430000
1976-11-27,369000
1976-12-04,500000
1976-12-11,494000
1976-12-18,434000
1976-12-25,466000
1977-01-01,558000
1977-01-08,685000
1977-01-15,597000
1977-01-22,589000
1977-01-29,518000
1977-02-05,704000
1977-02-12,552000
1977-02-19,422000
1977-02-26,360000
1977-03-05,367000
1977-03-12,335000
1977-03-19,321000
1977-03-26,298000
1977-04-02,296000
1977-04-09,367000
1977-04-16,316000
1977-04-23,314000
1977-04-30,305000
1977-05-07,333000
1977-05-14,309000
1977-05-21,293000
1977-05-28,298000
1977-06-04,283000
1977-06-11,308000
1977-06-18,310000
1977-06-25,321000
1977-07-02,348000
1977-07-09,431000
1977-07-16,424000
1977-07-23,391000
1977-07-30,380000
1977-08-06,379000
1977-08-13,319000
1977-08-20,298000
1977-08-27,282000
1977-09-03,289000
1977-09-10,260000
1977-09-17,289000
1977-09-24,293000
1977-10-01,275000
1977-10-08,345000
1977-10-15,287000
1977-10-22,322000
1977-10-29,309000
1977-11-05,352000
1977-11-12,310000
1977-11-19,367000
1977-11-26,342000
1977-12-03,430000
1977-12-10,448000
1977-12-17,412000
1977-12-24,450000
1977-12-31,535000
1978-01-07,559000
1978-01-14,579000
1978-01-21,500000
1978-01-28,445000
1978-02-04,447000
1978-02-11,438000
1978-02-18,455000
1978-02-25,372000
1978-03-04,360000
1978-03-11,342000
1978-03-18,302000
1978-03-25,280000
1978-04-01,278000
1978-04-08,338000
1978-04-15,279000
1978-04-22,277000
1978-04-29,269000
1978-05-06,291000
1978-05-13,268000
1978-05-20,266000
1978-05-27,256000
1978-06-03,242000
1978-06-10,292000
1978-06-17,287000
1978-06-24,297000
1978-07-01,347000
1978-07-08,428000
1978-07-15,421000
1978-07-22,387000
1978-07-29,371000
1978-08-05,376000
1978-08-12,326000
1978-08-19,287000
1978-08-26,264000
1978-09-02,249000
1978-09-09,246000
1978-09-16,262000
1978-09-23,254000
1978-09-30,249000
1978-10-07,323000
1978-10-14,262000
1978-10-21,287000
1978-10-28,280000
1978-11-04,302000
1978-11-11,286000
1978-11-18,345000
1978-11-25,350000
1978-12-02,427000
1978-12-09,427000
1978-12-16,390000
1978-12-23,447000
1978-12-30,515000
1979-01-06,559000
1979-01-13,680000
1979-01-20,488000
1979-01-27,423000
1979-02-03,424000
1979-02-10,418000
1979-02-17,384000
1979-02-24,364000
1979-03-03,358000
1979-03-10,346000
1979-03-17,315000
1979-03-24,296000
1979-03-31,300000
1979-04-07,449000
1979-04-14,424000
1979-04-21,340000
1979-04-28,303000
1979-05-05,307000
1979-05-12,290000
1979-05-19,280000
1979-05-26,287000
1979-06-02,262000
1979-06-09,322000
1979-06-16,312000
1979-06-23,343000
1979-06-30,366000
1979-07-07,458000
1979-07-14,446000
1979-07-21,445000
1979-07-28,417000
1979-08-04,428000
1979-08-11,360000
1979-08-18,329000
1979-08-25,313000
1979-09-01,312000
1979-09-08,285000
1979-09-15,311000
1979-09-22,309000
1979-09-29,303000
1979-10-06,379000
1979-10-13,335000
1979-10-20,342000
1979-10-27,353000
1979-11-03,372000
1979-11-10,392000
1979-11-17,401000
1979-11-24,379000
1979-12-01,513000
1979-12-08,521000
1979-12-15,455000
1979-12-22,580000
1979-12-29,596000
1980-01-05,574000
1980-01-12,804000
1980-01-19,648000
1980-01-26,515000
1980-02-02,471000
1980-02-09,493000
1980-02-16,418000
1980-02-23,415000
1980-03-01,407000
1980-03-08,413000
1980-03-15,398000
1980-03-22,392000
1980-03-29,399000
1980-04-05,451000
1980-04-12,535000
1980-04-19,495000
1980-04-26,482000
1980-05-03,491000
1980-05-10,526000
1980-05-17,539000
1980-05-24,525000
1980-05-31,477000
1980-06-07,562000
1980-06-14,511000
1980-06-21,529000
1980-06-28,563000
1980-07-05,584000
1980-07-12,643000
1980-07-19,628000
1980-07-26,569000
1980-08-02,536000
1980-08-09,494000
1980-08-16,435000
1980-08-23,410000
1980-08-30,397000
1980-09-06,374000
1980-09-13,414000
1980-09-20,381000
1980-09-27,363000
1980-10-04,410000
1980-10-11,417000
1980-10-18,355000
1980-10-25,384000
1980-11-01,395000
1980-11-08,416000
1980-11-15,403000
1980-11-22,440000
1980-11-29,407000
1980-12-06,534000
1980-12-13,481000
1980-12-20,499000
1980-12-27,546000
1981-01-03,580000
1981-01-10,839000
1981-01-17,638000
1981-01-24,521000
1981-01-31,490000
1981-02-07,500000
1981-02-14,439000
1981-02-21,430000
1981-02-28,432000
1981-03-07,414000
1981-03-14,385000
1981-03-21,365000
1981-03-28,356000
1981-04-04,383000
1981-04-11,401000
1981-04-18,350000
1981-04-25,379000
1981-05-02,342000
1981-05-09,369000
1981-05-16,340000
1981-05-23,342000
1981-05-30,301000
1981-06-06,384000
1981-06-13,367000
1981-06-20,376000
1981-06-27,387000
1981-07-04,430000
1981-07-11,516000
1981-07-18,481000
1981-07-25,429000
1981-08-01,444000
1981-08-08,419000
1981-08-15,369000
1981-08-22,351000
1981-08-29,352000
1981-09-05,396000
1981-09-12,331000
1981-09-19,392000
1981-09-26,392000
1981-10-03,416000
1981-10-10,476000
1981-10-17,408000
1981-10-24,450000
1981-10-31,479000
1981-11-07,534000
1981-11-14,483000
1981-11-21,522000
1981-11-28,535000
1981-12-05,726000
1981-12-12,657000
1981-12-19,644000
1981-12-26,702000
1982-01-02,694300
1982-01-09,1073500
1982-01-16,761700
1982-01-23,771200
1982-01-30,692300
1982-02-06,671000
1982-02-13,532800
1982-02-20,522900
1982-02-27,536300
1982-03-06,566300
1982-03-13,515100
1982-03-20,510500
1982-03-27,501500
1982-04-03,516600
1982-04-10,606300
1982-04-17,540300
1982-04-24,518600
1982-05-01,475600
1982-05-08,516500
1982-05-15,486500
1982-05-22,486300
1982-05-29,485800
1982-06-05,478600
1982-06-12,541600
1982-06-19,508100
1982-06-26,507700
1982-07-03,594400
1982-07-10,631400
1982-07-17,647000
1982-07-24,576100
1982-07-31,562600
1982-08-07,569200
1982-08-14,536400
1982-08-21,510400
1982-08-28,502300
1982-09-04,537600
1982-09-11,467700
1982-09-18,559500
1982-09-25,535000
1982-10-02,565600
1982-10-09,638100
1982-10-16,540300
1982-10-23,577600
1982-10-30,576800
1982-11-06,604800
1982-11-13,546700
1982-11-20,650400
1982-11-27,574100
1982-12-04,709400
1982-12-11,638200
1982-12-18,598000
1982-12-25,653600
1983-01-01,745100
1983-01-08,976600
1983-01-15,773600
1983-01-22,650600
1983-01-29,597700
1983-02-05,594200
1983-02-12,525100
1983-02-19,506300
1983-02-26,448700
1983-03-05,497400
1983-03-12,459700
1983-03-19,427500
1983-03-26,422100
1983-04-02,423000
1983-04-09,509700
1983-04-16,464800
1983-04-23,431300
1983-04-30,399900
1983-05-07,435000
1983-05-14,385200
1983-05-21,380300
1983-05-28,373000
1983-06-04,351100
1983-06-11,390100
1983-06-18,369200
1983-06-25,383500
1983-07-02,397400
1983-07-09,451900
1983-07-16,459400
1983-07-23,428300
1983-07-30,383400
1983-08-06,382500
1983-08-13,382300
1983-08-20,356900
1983-08-27,323600
1983-09-03,328800
1983-09-10,288700
1983-09-17,326900
1983-09-24,324700
1983-10-01,318500
1983-10-08,390500
1983-10-15,319900
1983-10-22,354900
1983-10-29,356400
1983-11-05,398200
1983-11-12,347300
1983-11-19,431900
1983-11-26,362900
1983-12-03,458400
1983-12-10,442900
1983-12-17,414600
1983-12-24,496800
1983-12-31,558900
1984-01-07,621600
1984-01-14,637900
1984-01-21,475100
1984-01-28,448500
1984-02-04,408400
1984-02-11,381500
1984-02-18,349300
1984-02-25,329100
1984-03-03,350500
1984-03-10,344000
1984-03-17,323500
1984-03-24,317600
1984-03-31,291400
1984-04-07,390300
1984-04-14,330800
1984-04-21,326500
1984-04-28,309300
1984-05-05,318900
1984-05-12,312100
1984-05-19,294200
1984-05-26,292700
1984-06-02,268700
1984-06-09,333800
1984-06-16,309900
1984-06-23,316800
1984-06-30,329000
1984-07-07,432500
1984-07-14,435900
1984-07-21,396200
1984-07-28,343800
1984-08-04,348100
1984-08-11,328100
1984-08-18,321000
1984-08-25,303300
1984-09-01,303500
1984-09-08,289300
1984-09-15,320700
1984-09-22,313200
1984-09-29,304700
1984-10-06,373300
1984-10-13,353200
1984-10-20,378700
1984-10-27,380500
1984-11-03,413400
1984-11-10,397500
1984-11-17,370800
1984-11-24,387000
1984-12-01,494700
1984-12-08,477900
1984-12-15,443700
1984-12-22,482300
1984-12-29,527500
1985-01-05,568300
1985-01-12,770000
1985-01-19,537700
1985-01-26,478300
1985-02-02,452400
1985-02-09,473300
1985-02-16,404700
1985-02-23,379000
1985-03-02,377300
1985-03-09,389200
1985-03-16,360500
1985-03-23,346700
1985-03-30,329100
1985-04-06,398000
1985-04-13,397500
1985-04-20,351800
1985-04-27,324700
1985-05-04,335600
1985-05-11,339100
1985-05-18,324900
1985-05-25,328500
1985-06-01,293500
1985-06-08,368900
1985-06-15,339200
1985-06-22,339500
1985-06-29,349800
1985-07-06,409500
1985-07-13,481500
1985-07-20,413700
1985-07-27,358700
1985-08-03,365800
1985-08-10,358200
1985-08-17,319400
1985-08-24,314800
1985-08-31,317600
1985-09-07,304700
1985-09-14,332900
1985-09-21,317600
1985-09-28,301600
1985-10-05,355600
1985-10-12,358000
1985-10-19,331000
1985-10-26,375700
1985-11-02,375300
1985-11-09,404100
1985-11-16,380300
1985-11-23,423100
1985-11-30,384700
1985-12-07,504200
1985-12-14,443400
1985-12-21,458200
1985-12-28,548200
1986-01-04,547500
1986-01-11,803900
1986-01-18,568800
1986-01-25,395700
1986-02-01,425400
1986-02-08,438100
1986-02-15,374200
1986-02-22,382200
1986-03-01,381200
1986-03-08,371700
1986-03-15,361600
1986-03-22,363100
1986-03-29,333300
1986-04-05,366100
1986-04-12,386100
1986-04-19,348700
1986-04-26,335100
1986-05-03,333600
1986-05-10,343800
1986-05-17,319000
1986-05-24,321700
1986-05-31,278700
1986-06-07,342200
1986-06-14,324700
1986-06-21,327400
1986-06-28,336100
1986-07-05,377400
1986-07-12,456200
1986-07-19,402400
1986-07-26,370700
1986-08-02,370900
1986-08-09,376900
1986-08-16,326000
1986-08-23,310200
1986-08-30,307100
1986-09-06,283700
1986-09-13,320800
1986-09-20,315800
1986-09-27,294200
1986-10-04,328900
1986-10-11,357700
1986-10-18,313000
1986-10-25,332400
1986-11-01,334100
1986-11-08,357600
1986-11-15,347400
1986-11-22,410600
1986-11-29,350900
1986-12-06,462700
1986-12-13,438600
1986-12-20,423800
1986-12-27,483900
1987-01-03,483977
1987-01-10,710493
1987-01-17,545768
1987-01-24,412977
1987-01-31,435743
1987-02-07,444240
1987-02-14,359219
1987-02-21,332930
1987-02-28,355357
1987-03-07,343065
1987-03-14,321153
1987-03-21,313104
1987-03-28,288648
1987-04-04,308940
1987-04-11,344364
1987-04-18,305201
1987-04-25,285566
1987-05-02,277726
1987-05-09,276773
1987-05-16,283832
1987-05-23,286150
1987-05-30,242793
1987-06-06,299672
1987-06-13,281043
1987-06-20,285191
1987-06-27,294288
1987-07-04,321855
1987-07-11,402706
1987-07-18,361491
1987-07-25,339756
1987-08-01,309433
1987-08-08,296403
1987-08-15,256647
1987-08-22,245058
1987-08-29,243829
1987-09-05,255589
1987-09-12,210375
1987-09-19,243651
1987-09-26,242206
1987-10-03,244736
1987-10-10,291075
1987-10-17,242157
1987-10-24,271190
1987-10-31,261036
1987-11-07,306340
1987-11-14,286334
1987-11-21,354037
1987-11-28,288614
1987-12-05,412297
1987-12-12,372869
1987-12-19,384763
1987-12-26,397287
1988-01-02,465503
1988-01-09,654620
1988-01-16,577975
1988-01-23,412685
1988-01-30,394776
1988-02-06,380906
1988-02-13,334833
1988-02-20,315497
1988-02-27,324517
1988-03-05,312409
1988-03-12,294321
1988-03-19,275545
1988-03-26,269000
1988-04-02,256607
1988-04-09,319713
1988-04-16,273160
1988-04-23,272440
1988-04-30,247619
1988-05-07,267315
1988-05-14,257101
1988-05-21,259640
1988-05-28,255852
1988-06-04,235308
1988-06-11,268052
1988-06-18,264100
1988-06-25,268770
1988-07-02,290079
1988-07-09,335780
1988-07-16,377872
1988-07-23,384920
1988-07-30,311475
1988-08-06,293718
1988-08-13,261066
1988-08-20,253359
1988-08-27,241809
1988-09-03,243944
1988-09-10,220226
1988-09-17,247250
1988-09-24,236230
1988-10-01,226453
1988-10-08,276732
1988-10-15,237722
1988-10-22,264201
1988-10-29,265794
1988-11-05,293412
1988-11-12,257201
1988-11-19,335818
1988-11-26,281841
1988-12-03,391406
1988-12-10,354028
1988-12-17,354768
1988-12-24,413175
1988-12-31,474226
1989-01-07,544138
1989-01-14,519727
1989-01-21,364499
1989-01-28,361331
1989-02-04,340647
1989-02-11,365301
1989-02-18,317676
1989-02-25,288690
1989-03-04,333669
1989-03-11,325019
1989-03-18,291112
1989-03-25,276369
1989-04-01,275799
1989-04-08,321723
1989-04-15,275240
1989-04-22,271002
1989-04-29,247646
1989-05-06,275425
1989-05-13,275507
1989-05-20,260543
1989-05-27,266146
1989-06-03,243246
1989-06-10,295499
1989-06-17,285589
1989-06-24,295338
1989-07-01,319577
1989-07-08,364594
1989-07-15,423847
1989-07-22,365026
1989-07-29,320773
1989-08-05,311584
1989-08-12,291429
1989-08-19,261419
1989-08-26,254488
1989-09-02,259540
1989-09-09,239989
1989-09-16,271903
1989-09-23,262895
1989-09-30,265310
1989-10-07,375972
1989-10-14,284584
1989-10-21,315473
1989-10-28,317538
1989-11-04,336759
1989-11-11,303556
1989-11-18,377814
1989-11-25,316458
1989-12-02,443684
1989-12-09,426514
1989-12-16,420795
1989-12-23,534261
1989-12-30,515926
1990-01-06,581679
1990-01-13,730995
1990-01-20,485424
1990-01-27,440748
1990-02-03,432922
1990-02-10,429764
1990-02-17,364616
1990-02-24,341969
1990-03-03,361937
1990-03-10,355935
1990-03-17,325164
1990-03-24,306391
1990-03-31,297117
1990-04-07,372079
1990-04-14,315624
1990-04-21,324936
1990-04-28,294785
1990-05-05,304160
1990-05-12,299266
1990-05-19,287082
1990-05-26,295476
1990-06-02,273910
1990-06-09,321727
1990-06-16,305690
1990-06-23,316999
1990-06-30,326407
1990-07-07,419256
1990-07-14,448952
1990-07-21,407676
1990-07-28,353149
1990-08-04,336997
1990-08-11,330678
1990-08-18,313804
1990-08-25,302267
1990-09-01,305510
1990-09-08,277768
1990-09-15,323246
1990-09-22,306549
1990-09-29,308080
1990-10-06,361538
1990-10-13,356203
1990-10-20,387444
1990-10-27,394598
1990-11-03,424771
1990-11-10,463874
1990-11-17,433003
1990-11-24,422676
1990-12-01,568583
1990-12-08,574323
1990-12-15,523403
1990-12-22,637449
1990-12-29,649471
1991-01-05,651775
1991-01-12,872742
1991-01-19,691092
1991-01-26,511360
1991-02-02,563060
1991-02-09,574760
1991-02-16,498200
1991-02-23,492325
1991-03-02,504023
1991-03-09,514410
1991-03-16,470801
1991-03-23,477877
1991-03-30,412904
1991-04-06,448082
1991-04-13,459364
1991-04-20,433912
1991-04-27,385153
1991-05-04,384458
1991-05-11,382113
1991-05-18,366492
1991-05-25,365117
1991-06-01,320632
1991-06-08,397682
1991-06-15,369074
1991-06-22,371232
1991-06-29,370372
1991-07-06,427161
1991-07-13,517888
1991-07-20,454655
1991-07-27,408098
1991-08-03,397522
1991-08-10,385740
1991-08-17,344969
1991-08-24,329287
1991-08-31,328040
1991-09-07,302187
1991-09-14,342419
1991-09-21,333110
1991-09-28,334206
1991-10-05,366862
1991-10-12,388370
1991-10-19,344189
1991-10-26,380253
1991-11-02,427789
1991-11-09,473432
1991-11-16,417766
1991-11-23,503032
1991-11-30,433180
1991-12-07,610113
1991-12-14,554059
1991-12-21,555747
1991-12-28,625772
1992-01-04,652046
1992-01-11,882118
1992-01-18,687914
1992-01-25,504838
1992-02-01,508594
1992-02-08,537238
1992-02-15,469794
1992-02-22,429723
1992-02-29,454987
1992-03-07,434426
1992-03-14,417282
1992-03-21,413180
1992-03-28,370883
1992-04-04,393384
1992-04-11,412948
1992-04-18,366621
1992-04-25,364454
1992-05-02,363794
1992-05-09,364100
1992-05-16,341425
1992-05-23,343432
1992-05-30,305080
1992-06-06,374978
1992-06-13,369067
1992-06-20,369995
1992-06-27,370373
1992-07-04,395505
1992-07-11,506050
1992-07-18,452468
1992-07-25,554590
1992-08-01,382138
1992-08-08,366092
1992-08-15,322729
1992-08-22,312436
1992-08-29,309806
1992-09-05,339006
1992-09-12,299189
1992-09-19,345093
1992-09-26,315455
1992-10-03,326938
1992-10-10,353504
1992-10-17,310235
1992-10-24,333005
1992-10-31,331922
1992-11-07,392213
1992-11-14,348011
1992-11-21,401972
1992-11-28,317218
1992-12-05,449726
1992-12-12,424677
1992-12-19,396619
1992-12-26,392612
1993-01-02,487466
1993-01-09,704930
1993-01-16,558516
1993-01-23,410944
1993-01-30,397000
1993-02-06,384707
1993-02-13,344520
1993-02-20,345116
1993-02-27,367412
1993-03-06,364185
1993-03-13,335154
1993-03-20,315473
1993-03-27,330512
1993-04-03,331871
1993-04-10,346648
1993-04-17,321564
1993-04-24,310916
1993-05-01,285098
1993-05-08,301906
1993-05-15,287944
1993-05-22,285444
1993-05-29,291206
1993-06-05,273411
1993-06-12,308535
1993-06-19,304843
1993-06-26,301549
1993-07-03,334335
1993-07-10,362425
1993-07-17,402348
1993-07-24,418260
1993-07-31,320155
1993-08-07,314579
1993-08-14,277263
1993-08-21,270913
1993-08-28,254231
1993-09-04,270528
1993-09-11,238902
1993-09-18,280903
1993-09-25,265510
1993-10-02,263636
1993-10-09,338726
1993-10-16,288699
1993-10-23,321509
1993-10-30,309359
1993-11-06,365280
1993-11-13,310455
1993-11-20,377935
1993-11-27,306788
1993-12-04,431210
1993-12-11,398560
1993-12-18,382583
1993-12-25,398084
1994-01-01,481735
1994-01-08,676076
1994-01-15,571816
1994-01-22,427570
1994-01-29,481458
1994-02-05,429800
1994-02-12,385594
1994-02-19,368626
1994-02-26,307194
1994-03-05,355250
1994-03-12,331023
1994-03-19,308038
1994-03-26,292661
1994-04-02,289631
1994-04-09,361348
1994-04-16,327166
1994-04-23,298620
1994-04-30,285837
1994-05-07,332414
1994-05-14,303190
1994-05-21,299324
1994-05-28,291797
1994-06-04,273849
1994-06-11,309033
1994-06-18,298198
1994-06-25,305863
1994-07-02,327262
1994-07-09,394428
1994-07-16,443698
1994-07-23,354495
1994-07-30,295979
1994-08-06,304363
1994-08-13,277614
1994-08-20,262131
1994-08-27,257299
1994-09-03,270561
1994-09-10,237526
1994-09-17,264553
1994-09-24,251191
1994-10-01,255588
1994-10-08,322522
1994-10-15,272742
1994-10-22,296646
1994-10-29,291557
1994-11-05,338561
1994-11-12,298030
1994-11-19,366719
1994-11-26,295729
1994-12-03,412824
1994-12-10,397238
1994-12-17,376210
1994-12-24,423387
1994-12-31,482735
1995-01-07,612648
1995-01-14,608872
1995-01-21,400772
1995-01-28,396457
1995-02-04,381813
1995-02-11,387408
1995-02-18,356237
1995-02-25,316927
1995-03-04,342015
1995-03-11,339580
1995-03-18,319218
1995-03-25,305471
1995-04-01,294031
1995-04-08,356914
1995-04-15,318030
1995-04-22,317072
1995-04-29,305594
1995-05-06,325398
1995-05-13,311646
1995-05-20,316305
1995-05-27,314442
1995-06-03,286566
1995-06-10,340606
1995-06-17,337812
1995-06-24,324411
1995-07-01,341207
1995-07-08,428632
1995-07-15,491891
1995-07-22,409319
1995-07-29,311708
1995-08-05,310703
1995-08-12,296712
1995-08-19,286017
1995-08-26,272182
1995-09-02,278703
1995-09-09,266145
1995-09-16,304323
1995-09-23,272431
1995-09-30,269067
1995-10-07,345311
1995-10-14,306465
1995-10-21,322856
1995-10-28,332061
1995-11-04,383687
1995-11-11,335181
1995-11-18,425889
1995-11-25,336269
1995-12-02,474548
1995-12-09,421109
1995-12-16,423450
1995-12-23,490349
1995-12-30,513686
1996-01-06,596010
1996-01-13,637910
1996-01-20,510820
1996-01-27,492966
1996-02-03,433693
1996-02-10,440961
1996-02-17,395332
1996-02-24,347053
1996-03-02,368044
1996-03-09,355818
1996-03-16,357070
1996-03-23,396731
1996-03-30,342023
1996-04-06,353032
1996-04-13,343654
1996-04-20,336033
1996-04-27,291957
1996-05-04,298195
1996-05-11,303532
1996-05-18,287891
1996-05-25,287622
1996-06-01,266116
1996-06-08,329099
1996-06-15,307141
1996-06-22,312226
1996-06-29,315615
1996-07-06,382989
1996-07-13,449510
1996-07-20,360385
1996-07-27,294762
1996-08-03,283216
1996-08-10,285795
1996-08-17,265742
1996-08-24,259677
1996-08-31,251425
1996-09-07,238893
1996-09-14,272464
1996-09-21,273232
1996-09-28,261251
1996-10-05,292029
1996-10-12,306521
1996-10-19,271934
1996-10-26,311965
1996-11-02,320827
1996-11-09,340240
1996-11-16,330730
1996-11-23,383512
1996-11-30,328186
1996-12-07,444305
1996-12-14,404436
1996-12-21,429566
1996-12-28,520650
1997-01-04,541210
1997-01-11,654473
1997-01-18,513913
1997-01-25,385310
1997-02-01,380099
1997-02-08,370766
1997-02-15,320374
1997-02-22,309202
1997-03-01,317339
1997-03-08,314787
1997-03-15,296698
1997-03-22,291463
1997-03-29,268823
1997-04-05,311186
1997-04-12,329663
1997-04-19,286593
1997-04-26,295166
1997-05-03,295629
1997-05-10,278052
1997-05-17,267251
1997-05-24,264697
1997-05-31,248167
1997-06-07,309928
1997-06-14,302577
1997-06-21,290720
1997-06-28,298299
1997-07-05,372574
1997-07-12,434598
1997-07-19,339250
1997-07-26,281794
1997-08-02,273471
1997-08-09,289083
1997-08-16,272910
1997-08-23,255236
1997-08-30,250205
1997-09-06,224948
1997-09-13,253456
1997-09-20,246061
1997-09-27,237214
1997-10-04,260705
1997-10-11,286436
1997-10-18,255634
1997-10-25,272593
1997-11-01,293086
1997-11-08,322842
1997-11-15,311499
1997-11-22,341845
1997-11-29,309788
1997-12-06,402699
1997-12-13,374107
1997-12-20,368823
1997-12-27,445345
1998-01-03,479854
1998-01-10,682016
1998-01-17,512837
1998-01-24,355092
1998-01-31,357976
1998-02-07,368113
1998-02-14,328354
1998-02-21,313367
1998-02-28,313480
1998-03-07,305542
1998-03-14,298302
1998-03-21,293692
1998-03-28,272808
1998-04-04,288484
1998-04-11,294014
1998-04-18,288059
1998-04-25,278220
1998-05-02,261089
1998-05-09,270108
1998-05-16,262107
1998-05-23,259125
1998-05-30,248550
1998-06-06,289495
1998-06-13,293195
1998-06-20,322017
1998-06-27,348842
1998-07-04,379734
1998-07-11,428977
1998-07-18,364767
1998-07-25,314782
1998-08-01,277621
1998-08-08,279621
1998-08-15,246823
1998-08-22,237999
1998-08-29,233516
1998-09-05,255938
1998-09-12,217454
1998-09-19,237609
1998-09-26,220668
1998-10-03,246284
1998-10-10,300862
1998-10-17,257172
1998-10-24,275574
1998-10-31,281932
1998-11-07,332611
1998-11-14,315504
1998-11-21,338501
1998-11-28,295041
1998-12-05,421605
1998-12-12,355872
1998-12-19,344452
1998-12-26,442200
1999-01-02,508983
1999-01-09,713805
1999-01-16,514082
1999-01-23,364737
1999-01-30,349733
1999-02-06,344947
1999-02-13,320679
1999-02-20,286130
1999-02-27,297918
1999-03-06,297325
1999-03-13,289813
1999-03-20,275453
1999-03-27,260817
1999-04-03,263516
1999-04-10,327621
1999-04-17,286018
1999-04-24,263835
1999-05-01,252190
1999-05-08,274268
1999-05-15,251063
1999-05-22,250360
1999-05-29,260517
1999-06-05,256922
1999-06-12,267582
1999-06-19,267825
1999-06-26,269755
1999-07-03,303758
1999-07-10,364078
1999-07-17,369123
1999-07-24,293348
1999-07-31,254195
1999-08-07,259805
1999-08-14,236658
1999-08-21,226061
1999-08-28,219278
1999-09-04,235849
1999-09-11,204302
1999-09-18,219070
1999-09-25,232486
1999-10-02,246445
1999-10-09,278925
1999-10-16,234580
1999-10-23,250864
1999-10-30,257767
1999-11-06,297136
1999-11-13,262607
1999-11-20,309248
1999-11-27,268255
1999-12-04,378735
1999-12-11,318175
1999-12-18,329649
1999-12-25,377695
2000-01-01,439912
2000-01-08,606897
2000-01-15,442494
2000-01-22,328841
2000-01-29,332740
2000-02-05,365245
2000-02-12,311897
2000-02-19,281256
2000-02-26,258962
2000-03-04,283024
2000-03-11,255109
2000-03-18,242139
2000-03-25,239835
2000-04-01,229520
2000-04-08,274130
2000-04-15,237218
2000-04-22,240266
2000-04-29,249458
2000-05-06,259546
2000-05-13,231706
2000-05-20,234599
2000-05-27,239836
2000-06-03,242991
2000-06-10,267752
2000-06-17,265617
2000-06-24,273344
2000-07-01,280979
2000-07-08,363793
2000-07-15,377982
2000-07-22,296255
2000-07-29,253466
2000-08-05,266151
2000-08-12,261358
2000-08-19,251844
2000-08-26,239030
2000-09-02,242375
2000-09-09,229954
2000-09-16,245991
2000-09-23,222219
2000-09-30,227249
2000-10-07,292784
2000-10-14,255082
2000-10-21,263445
2000-10-28,269489
2000-11-04,342414
2000-11-11,294727
2000-11-18,374160
2000-11-25,321859
2000-12-02,447262
2000-12-09,390088
2000-12-16,402476
2000-12-23,481720
2000-12-30,568973
2001-01-06,558768
2001-01-13,599562
2001-01-20,398188
2001-01-27,447386
2001-02-03,424696
2001-02-10,396151
2001-02-17,345841
2001-02-24,357591
2001-03-03,379286
2001-03-10,377210
2001-03-17,351497
2001-03-24,334747
2001-03-31,328576
2001-04-07,397282
2001-04-14,346981
2001-04-21,369745
2001-04-28,353831
2001-05-05,336319
2001-05-12,331765
2001-05-19,338374
2001-05-26,346231
2001-06-02,335765
2001-06-09,397015
2001-06-16,354526
2001-06-23,351770
2001-06-30,375885
2001-07-07,526826
2001-07-14,524139
2001-07-21,406038
2001-07-28,332957
2001-08-04,341660
2001-08-11,333042
2001-08-18,317046
2001-08-25,307850
2001-09-01,319016
2001-09-08,309567
2001-09-15,317245
2001-09-22,353611
2001-09-29,400400
2001-10-06,441754
2001-10-13,426881
2001-10-20,429542
2001-10-27,436901
2001-11-03,443971
2001-11-10,456366
2001-11-17,420259
2001-11-24,438893
2001-12-01,605916
2001-12-08,491836
2001-12-15,440906
2001-12-22,529570
2001-12-29,647045
2002-01-05,637343
2002-01-12,799246
2002-01-19,558297
2002-01-26,431690
2002-02-02,445552
2002-02-09,438611
2002-02-16,376573
2002-02-23,367504
2002-03-02,385272
2002-03-09,386992
2002-03-16,352045
2002-03-23,366372
2002-03-30,386296
2002-04-06,432384
2002-04-13,428834
2002-04-20,385151
2002-04-27,367350
2002-05-04,362681
2002-05-11,358286
2002-05-18,348887
2002-05-25,346439
2002-06-01,309183
2002-06-08,378613
2002-06-15,356096
2002-06-22,358959
2002-06-29,358658
2002-07-06,456716
2002-07-13,506718
2002-07-20,394586
2002-07-27,338441
2002-08-03,326356
2002-08-10,332673
2002-08-17,313869
2002-08-24,314852
2002-08-31,310864
2002-09-07,318361
2002-09-14,337577
2002-09-21,317264
2002-09-28,319063
2002-10-05,365613
2002-10-12,385689
2002-10-19,349927
2002-10-26,375591
2002-11-02,397346
2002-11-09,427078
2002-11-16,372829
2002-11-23,436549
2002-11-30,385788
2002-12-07,547430
2002-12-14,486258
2002-12-21,483449
2002-12-28,620929
2003-01-04,620004
2003-01-11,724111
2003-01-18,542563
2003-01-25,434888
2003-02-01,449286
2003-02-08,439520
2003-02-15,398291
2003-02-22,387536
2003-03-01,429782
2003-03-08,414568
2003-03-15,389909
2003-03-22,361492
2003-03-29,371692
2003-04-05,394160
2003-04-12,434911
2003-04-19,399180
2003-04-26,401342
2003-05-03,377383
2003-05-10,364287
2003-05-17,362276
2003-05-24,359500
2003-05-31,351890
2003-06-07,421190
2003-06-14,383371
2003-06-21,376560
2003-06-28,394214
2003-07-05,483401
2003-07-12,552621
2003-07-19,429381
2003-07-26,348382
2003-08-02,333770
2003-08-09,348207
2003-08-16,312087
2003-08-23,313058
2003-08-30,319362
2003-09-06,322501
2003-09-13,328414
2003-09-20,301217
2003-09-27,304968
2003-10-04,337880
2003-10-11,368876
2003-10-18,328572
2003-10-25,352117
2003-11-01,345573
2003-11-08,397387
2003-11-15,347719
2003-11-22,397990
2003-11-29,357811
2003-12-06,486202
2003-12-13,412627
2003-12-20,424192
2003-12-27,516493
2004-01-03,552815
2004-01-10,677897
2004-01-17,490763
2004-01-24,382262
2004-01-31,406298
2004-02-07,433234
2004-02-14,341634
2004-02-21,328171
2004-02-28,342140
2004-03-06,339007
2004-03-13,312067
2004-03-20,304462
2004-03-27,296776
2004-04-03,304249
2004-04-10,350739
2004-04-17,334965
2004-04-24,313686
2004-05-01,283236
2004-05-08,292754
2004-05-15,297061
2004-05-22,293974
2004-05-29,304067
2004-06-05,308229
2004-06-12,313930
2004-06-19,322481
2004-06-26,318746
2004-07-03,349920
2004-07-10,444531
2004-07-17,394372
2004-07-24,313225
2004-07-31,282128
2004-08-07,291611
2004-08-14,262936
2004-08-21,274433
2004-08-28,276308
2004-09-04,274930
2004-09-11,250568
2004-09-18,275846
2004-09-25,282729
2004-10-02,279591
2004-10-09,338711
2004-10-16,279846
2004-10-23,317573
2004-10-30,305546
2004-11-06,351404
2004-11-13,311901
2004-11-20,355954
2004-11-27,320690
2004-12-04,473570
2004-12-11,370604
2004-12-18,374749
2004-12-25,446699
2005-01-01,540927
2005-01-08,693776
2005-01-15,467862
2005-01-22,360583
2005-01-29,364704
2005-02-05,347391
2005-02-12,309290
2005-02-19,303814
2005-02-26,290776
2005-03-05,332067
2005-03-12,307061
2005-03-19,290719
2005-03-26,291378
2005-04-02,294994
2005-04-09,339709
2005-04-16,285657
2005-04-23,299891
2005-04-30,290824
2005-05-07,297347
2005-05-14,275524
2005-05-21,276761
2005-05-28,304306
2005-06-04,289914
2005-06-11,315938
2005-06-18,289831
2005-06-25,286681
2005-07-02,327268
2005-07-09,427323
2005-07-16,374665
2005-07-23,295026
2005-07-30,261906
2005-08-06,269746
2005-08-13,257151
2005-08-20,252016
2005-08-27,251642
2005-09-03,271613
2005-09-10,322387
2005-09-17,346204
2005-09-24,292435
2005-10-01,313847
2005-10-08,380093
2005-10-15,303158
2005-10-22,304733
2005-10-29,294376
2005-11-05,340491
2005-11-12,283564
2005-11-19,368859
2005-11-26,290730
2005-12-03,444600
2005-12-10,391961
2005-12-17,359108
2005-12-24,433397
2005-12-31,475889
2006-01-07,555114
2006-01-14,439873
2006-01-21,317926
2006-01-28,318805
2006-02-04,321527
2006-02-11,310078
2006-02-18,269571
2006-02-25,272478
2006-03-04,301867
2006-03-11,294764
2006-03-18,269237
2006-03-25,265370
2006-04-01,253985
2006-04-08,314696
2006-04-15,268472
2006-04-22,291349
2006-04-29,279715
2006-05-06,317239
2006-05-13,288972
2006-05-20,277168
2006-05-27,292714
2006-06-03,260263
2006-06-10,285892
2006-06-17,277441
2006-06-24,287503
2006-07-01,304638
2006-07-08,418363
2006-07-15,377115
2006-07-22,288875
2006-07-29,259974
2006-08-05,275430
2006-08-12,256259
2006-08-19,252357
2006-08-26,251275
2006-09-02,259539
2006-09-09,240231
2006-09-16,267036
2006-09-23,261396
2006-09-30,249288
2006-10-07,307646
2006-10-14,271863
2006-10-21,291372
2006-10-28,301079
2006-11-04,326711
2006-11-11,286151
2006-11-18,367690
2006-11-25,323509
2006-12-02,448898
2006-12-09,384123
2006-12-16,361672
2006-12-23,425357
2006-12-30,499979
2007-01-06,506059
2007-01-13,506709
2007-01-20,367583
2007-01-27,359959
2007-02-03,339018
2007-02-10,363018
2007-02-17,305945
2007-02-24,299000
2007-03-03,320194
2007-03-10,298927
2007-03-17,277187
2007-03-24,273432
2007-03-31,268218
2007-04-07,328266
2007-04-14,317917
2007-04-21,303984
2007-04-28,267672
2007-05-05,274801
2007-05-12,258516
2007-05-19,270446
2007-05-26,273397
2007-06-02,263527
2007-06-09,302368
2007-06-16,290951
2007-06-23,292583
2007-06-30,300348
2007-07-07,417554
2007-07-14,383839
2007-07-21,298366
2007-07-28,257426
2007-08-04,270563
2007-08-11,266420
2007-08-18,257573
2007-08-25,266179
2007-09-01,257454
2007-09-08,245526
2007-09-15,261971
2007-09-22,247643
2007-09-29,255431
2007-10-06,298317
2007-10-13,306519
2007-10-20,307675
2007-10-27,303357
2007-11-03,325831
2007-11-10,351760
2007-11-17,323124
2007-11-24,324047
2007-12-01,462902
2007-12-08,423130
2007-12-15,393042
2007-12-22,456280
2007-12-29,507908
2008-01-05,522700
2008-01-12,547943
2008-01-19,415397
2008-01-26,369498
2008-02-02,380234
2008-02-09,377595
2008-02-16,325886
2008-02-23,330013
2008-03-01,345287
2008-03-08,341364
2008-03-15,335909
2008-03-22,316208
2008-03-29,342189
2008-04-05,357209
2008-04-12,370960
2008-04-19,328334
2008-04-26,337854
2008-05-03,335533
2008-05-10,325479
2008-05-17,319817
2008-05-24,326627
2008-05-31,300989
2008-06-07,373033
2008-06-14,349254
2008-06-21,358158
2008-06-28,368544
2008-07-05,401672
2008-07-12,476071
2008-07-19,403607
2008-07-26,374182
2008-08-02,381887
2008-08-09,372807
2008-08-16,342164
2008-08-23,344255
2008-08-30,360485
2008-09-06,336131
2008-09-13,381720
2008-09-20,397610
2008-09-27,392121
2008-10-04,426786
2008-10-11,454100
2008-10-18,416114
2008-10-25,449429
2008-11-01,466373
2008-11-08,539812
2008-11-15,513047
2008-11-22,609128
2008-11-29,537230
2008-12-06,760481
2008-12-13,629867
2008-12-20,719691
2008-12-27,717000
2009-01-03,731958
2009-01-10,956791
2009-01-17,763987
2009-01-24,620143
2009-01-31,682176
2009-02-07,710152
2009-02-14,619951
2009-02-21,605668
2009-02-28,645827
2009-03-07,652635
2009-03-14,601192
2009-03-21,590067
2009-03-28,599299
2009-04-04,623279
2009-04-11,610522
2009-04-18,596564
2009-04-25,583457
2009-05-02,536648
2009-05-09,570412
2009-05-16,540925
2009-05-23,538311
2009-05-30,500380
2009-06-06,581092
2009-06-13,562449
2009-06-20,572425
2009-06-27,563387
2009-07-04,585963
2009-07-11,677038
2009-07-18,590730
2009-07-25,516351
2009-08-01,470988
2009-08-08,486586
2009-08-15,461780
2009-08-22,460998
2009-08-29,460525
2009-09-05,470079
2009-09-12,414557
2009-09-19,441311
2009-09-26,449620
2009-10-03,456233
2009-10-10,513852
2009-10-17,464985
2009-10-24,499374
2009-10-31,487714
2009-11-07,537230
2009-11-14,479350
2009-11-21,547022
2009-11-28,462090
2009-12-05,673097
2009-12-12,561655
2009-12-19,571378
2009-12-26,561852
2010-01-02,651215
2010-01-09,825891
2010-01-16,659173
2010-01-23,507651
2010-01-30,538617
2010-02-06,512463
2010-02-13,482078
2010-02-20,458160
2010-02-27,474662
2010-03-06,462679
2010-03-13,439061
2010-03-20,413067
2010-03-27,412710
2010-04-03,421130
2010-04-10,514136
2010-04-17,436814
2010-04-24,429196
2010-05-01,399350
2010-05-08,414327
2010-05-15,414572
2010-05-22,410778
2010-05-29,418873
2010-06-05,398864
2010-06-12,448305
2010-06-19,427080
2010-06-26,444712
2010-07-03,470366
2010-07-10,515991
2010-07-17,502065
2010-07-24,413679
2010-07-31,402140
2010-08-07,425471
2010-08-14,405484
2010-08-21,384955
2010-08-28,383135
2010-09-04,381863
2010-09-11,341791
2010-09-18,382341
2010-09-25,372551
2010-10-02,373681
2010-10-09,462667
2010-10-16,394016
2010-10-23,408489
2010-10-30,421097
2010-11-06,452657
2010-11-13,409548
2010-11-20,464817
2010-11-27,412922
2010-12-04,585711
2010-12-11,491776
2010-12-18,495548
2010-12-25,525710
2011-01-01,578904
2011-01-08,773499
2011-01-15,549688
2011-01-22,485950
2011-01-29,464775
2011-02-05,440706
2011-02-12,424400
2011-02-19,380985
2011-02-26,353797
2011-03-05,407299
2011-03-12,371721
2011-03-19,354457
2011-03-26,357457
2011-04-02,353817
2011-04-09,448029
2011-04-16,381834
2011-04-23,387867
2011-04-30,415974
2011-05-07,397737
2011-05-14,361573
2011-05-21,376632
2011-05-28,381497
2011-06-04,366816
2011-06-11,400608
2011-06-18,394286
2011-06-25,406633
2011-07-02,425640
2011-07-09,473963
2011-07-16,470086
2011-07-23,369207
2011-07-30,341103
2011-08-06,354408
2011-08-13,346014
2011-08-20,344870
2011-08-27,336761
2011-09-03,348582
2011-09-10,328868
2011-09-17,353820
2011-09-24,328073
2011-10-01,332394
2011-10-08,405906
2011-10-15,357562
2011-10-22,377156
2011-10-29,369647
2011-11-05,402532
2011-11-12,363016
2011-11-19,440157
2011-11-26,372640
2011-12-03,528793
2011-12-10,435863
2011-12-17,421103
2011-12-24,497689
2011-12-31,540057
2012-01-07,646219
2012-01-14,525422
2012-01-21,416880
2012-01-28,422287
2012-02-04,401365
2012-02-11,365014
2012-02-18,346659
2012-02-25,334242
2012-03-03,368433
2012-03-10,340102
2012-03-17,319498
2012-03-24,323373
2012-03-31,315800
2012-04-07,390064
2012-04-14,370482
2012-04-21,370632
2012-04-28,333476
2012-05-05,341080
2012-05-12,325094
2012-05-19,330427
2012-05-26,346260
2012-06-02,324385
2012-06-09,376610
2012-06-16,364548
2012-06-23,370521
2012-06-30,369826
2012-07-07,442192
2012-07-14,455260
2012-07-21,340780
2012-07-28,312931
2012-08-04,320219
2012-08-11,317680
2012-08-18,311857
2012-08-25,312542
2012-09-01,309537
2012-09-08,299729
2012-09-15,330454
2012-09-22,303685
2012-09-29,301046
2012-10-06,329925
2012-10-13,362730
2012-10-20,345227
2012-10-27,339924
2012-11-03,361823
2012-11-10,478551
2012-11-17,403636
2012-11-24,358865
2012-12-01,500163
2012-12-08,429191
2012-12-15,401431
2012-12-22,457584
2012-12-29,490126
2013-01-05,557424
2013-01-12,558047
2013-01-19,437360
2013-01-26,369567
2013-02-02,388708
2013-02-09,361759
2013-02-16,351087
2013-02-23,310512
2013-03-02,335794
2013-03-09,317661
2013-03-16,301471
2013-03-23,316133
2013-03-30,317494
2013-04-06,356935
2013-04-13,359415
2013-04-20,326264
2013-04-27,301622
2013-05-04,301602
2013-05-11,320253
2013-05-18,303357
2013-05-25,319508
2013-06-01,294608
2013-06-08,332964
2013-06-15,336970
2013-06-22,336901
2013-06-29,335424
2013-07-06,383811
2013-07-13,410974
2013-07-20,340457
2013-07-27,281692
2013-08-03,288861
2013-08-10,282756
2013-08-17,281164
2013-08-24,279803
2013-08-31,269359
2013-09-07,229648
2013-09-14,272946
2013-09-21,255087
2013-09-28,252196
2013-10-05,335937
2013-10-12,360957
2013-10-19,312037
2013-10-26,325326
2013-11-02,331867
2013-11-09,364167
2013-11-16,327053
2013-11-23,369197
2013-11-30,321896
2013-12-07,463413
2013-12-14,414613
2013-12-21,418272
2013-12-28,452664
2014-01-04,488537
2014-01-11,534966
2014-01-18,416116
2014-01-25,357806
2014-02-01,357742
2014-02-08,360338
2014-02-15,322761
2014-02-22,312665
2014-03-01,317832
2014-03-08,302311
2014-03-15,285970
2014-03-22,274072
2014-03-29,294862
2014-04-05,299162
2014-04-12,318793
2014-04-19,299182
2014-04-26,318127
2014-05-03,288748
2014-05-10,270738
2014-05-17,287398
2014-05-24,275412
2014-05-31,264133
2014-06-07,313371
2014-06-14,301195
2014-06-21,305029
2014-06-28,305791
2014-07-05,322753
2014-07-12,370559
2014-07-19,287049
2014-07-26,257625
2014-08-02,247877
2014-08-09,269468
2014-08-16,249463
2014-08-23,249006
2014-08-30,249780
2014-09-06,234755
2014-09-13,242318
2014-09-20,239780
2014-09-27,227571
2014-10-04,257545
2014-10-11,273756
2014-10-18,256166
2014-10-25,271331
2014-11-01,266921
2014-11-08,309338
2014-11-15,286115
2014-11-22,357202
2014-11-29,294389
2014-12-06,389284
2014-12-13,327827
2014-12-20,340827
2014-12-27,389757
2015-01-03,439342
2015-01-10,529685
2015-01-17,383538
2015-01-24,281885
2015-01-31,306643
2015-02-07,324158
2015-02-14,277904
2015-02-21,280639
2015-02-28,315566
2015-03-07,277925
2015-03-14,260242
2015-03-21,248032
2015-03-28,239748
2015-04-04,253533
2015-04-11,308173
2015-04-18,279797
2015-04-25,250780
2015-05-02,236421
2015-05-09,242882
2015-05-16,243612
2015-05-23,253454
2015-05-30,230676
2015-06-06,275619
2015-06-13,258764
2015-06-20,263199
2015-06-27,274646
2015-07-04,303585
2015-07-11,344471
2015-07-18,262949
2015-07-25,230314
2015-08-01,224104
2015-08-08,239326
2015-08-15,229251
2015-08-22,226649
2015-08-29,230079
2015-09-05,232507
2015-09-12,198903
2015-09-19,219342
2015-09-26,215116
2015-10-03,227176
2015-10-10,256522
2015-10-17,232860
2015-10-24,245365
2015-10-31,258440
2015-11-07,291098
2015-11-14,264816
2015-11-21,305424
2015-11-28,262628
2015-12-05,384491
2015-12-12,313276
2015-12-19,319641
2015-12-26,346542
2016-01-02,405368
2016-01-09,502904
2016-01-16,378747
2016-01-23,295936
2016-01-30,311940
2016-02-06,290796
2016-02-13,258380
2016-02-20,248870
2016-02-27,265802
2016-03-05,247628
2016-03-12,236888
2016-03-19,230882
2016-03-26,235716
2016-04-02,245035
2016-04-09,270419
2016-04-16,242400
2016-04-23,245040
2016-04-30,243392
2016-05-07,261899
2016-05-14,244869
2016-05-21,240798
2016-05-28,246740
2016-06-04,232300
2016-06-11,266277
2016-06-18,247968
2016-06-25,263662
2016-07-02,267437
2016-07-09,298673
2016-07-16,268526
2016-07-23,231925
2016-07-30,219202
2016-08-06,231542
2016-08-13,219570
2016-08-20,217011
2016-08-27,215688
2016-09-03,217715
2016-09-10,193291
2016-09-17,205649
2016-09-24,198455
2016-10-01,200456
2016-10-08,238581
2016-10-15,233633
2016-10-22,237314
2016-10-29,245751
2016-11-05,258608
2016-11-12,223770
2016-11-19,287794
2016-11-26,249774
2016-12-03,351580
2016-12-10,305268
2016-12-17,315068
2016-12-24,343213
2016-12-31,350561
2017-01-07,414742
2017-01-14,352799
2017-01-21,284030
2017-01-28,280983
2017-02-04,259713
2017-02-11,245886
2017-02-18,239322
2017-02-25,212829
2017-03-04,243959
2017-03-11,222227
2017-03-18,224693
2017-03-25,228269
2017-04-01,208347
2017-04-08,239823
2017-04-15,225864
2017-04-22,241611
2017-04-29,210955
2017-05-06,215040
2017-05-13,206905
2017-05-20,210544
2017-05-27,232138
2017-06-03,212696
2017-06-10,234652
2017-06-17,228883
2017-06-24,239635
2017-07-01,252886
2017-07-08,284329
2017-07-15,257763
2017-07-22,220455
2017-07-29,198776
2017-08-05,211924
2017-08-12,198280
2017-08-19,195130
2017-08-26,196227
2017-09-02,250627
2017-09-09,211923
2017-09-16,212313
2017-09-23,212987
2017-09-30,204180
2017-10-07,229241
2017-10-14,205592
2017-10-21,216004
2017-10-28,215977
2017-11-04,242111
2017-11-11,236654
2017-11-18,275004
2017-11-25,224851
2017-12-02,325988
2017-12-09,282009
2017-12-16,287396
2017-12-23,324958
2017-12-30,351348
2018-01-06,403619
2018-01-13,354050
2018-01-20,260070
2018-01-27,267766
2018-02-03,242962
2018-02-10,232805
2018-02-17,212213
2018-02-24,195931
2018-03-03,225513
2018-03-10,204862
2018-03-17,198591
2018-03-24,195375
2018-03-31,200996
2018-04-07,231725
2018-04-14,226090
2018-04-21,200139
2018-04-28,186451
2018-05-05,190262
2018-05-12,195214
2018-05-19,207043
2018-05-26,202846
2018-06-02,191523
2018-06-09,217289
2018-06-16,206023
2018-06-23,222766
2018-06-30,231539
2018-07-07,264869
2018-07-14,232238
2018-07-21,201288
2018-07-28,179538
